post_id,subreddit,created_date,selftext,post_url,post_title,link_flair_text,score,num_comments,upvote_ratio,created_year,year_month,post_sentiment
144lfc1,ChatGPT,2023-06-09 02:46:59,,https://i.redd.it/81rl4zdt1v4b1.png,Turned ChatGPT into the ultimate bro,Funny ,67512,1147,0.96,2023,2023-06,POS
1av10qh,ChatGPT,2024-02-20 04:07:20,,https://v.redd.it/td4k2r8idmjc1,Will smith is wild for this,Funny ,56180,1706,0.86,2024,2024-02,POS
13wfaqg,ChatGPT,2023-05-31 12:55:04,,https://www.reddit.com/gallery/13wfaqg,Photoshop AI Generative Fill was used for its intended purpose,Other ,52080,1342,0.91,2023,2023-05,NEU
14gnv5b,ChatGPT,2023-06-23 09:11:46,The guy typing out these responses for Bing must be overwhelmed lately. Someone should do a well-being check on Chad G. Petey.,https://www.reddit.com/gallery/14gnv5b,"Bing ChatGPT too proud to admit mistake, doubles down and then rage quits",Gone Wild ,51386,2255,0.96,2023,2023-06,NEG
12cobqr,ChatGPT,2023-04-05 21:09:56,,https://i.redd.it/1g6v045f53sa1.png,Was curious if GPT-4 could recognize text art,Funny ,44584,662,0.98,2023,2023-04,NEU
12ed85v,ChatGPT,2023-04-07 12:57:18,,https://i.redd.it/vdd5irelzesa1.png,Unfiltered ChatGPT opinion about Reddit,Gone Wild ,40114,1518,0.96,2023,2023-04,NEU
198nse2,ChatGPT,2024-01-17 09:53:15,,https://www.reddit.com/gallery/198nse2,Make my hot dog hotter,Funny ,39844,1033,0.93,2024,2024-01,POS
1fye6tb,ChatGPT,2024-10-07 23:32:38,,https://i.redd.it/yhhu3qiiidtd1.png,The human internet is dying. AI images taking over google...,Gone Wild ,39376,2038,0.94,2024,2024-10,NEG
18z9a0j,ChatGPT,2024-01-05 20:49:43,,https://www.reddit.com/gallery/18z9a0j,Where ever could Waldo be?,Funny ,37781,963,0.97,2024,2024-01,NEU
1b4shrc,ChatGPT,2024-03-02 22:11:56,,https://www.reddit.com/gallery/1b4shrc,Give me a P!,Funny ,35152,715,0.93,2024,2024-03,NEU
14c6z6n,ChatGPT,2023-06-18 06:28:49,,https://i.redd.it/ol7oekmldo6b1.jpg,It really does know everything,Funny ,33172,493,0.96,2023,2023-06,NEU
12b7bos,ChatGPT,2023-04-04 08:33:22,,https://www.reddit.com/gallery/12b7bos,I will never forgive myself for falling for this‚Ä¶,Funny ,32212,768,0.97,2023,2023-04,NEG
1fwt2zf,ChatGPT,2024-10-05 21:05:07,,https://www.reddit.com/gallery/1fwt2zf,It is officially over. These are all AI,AI-Art,31042,2924,0.78,2024,2024-10,NEU
15ekje9,ChatGPT,2023-07-31 21:46:11,,https://i.redd.it/6mvy9ph2sbfb1.png,Goodbye chat gpt plus subscription ..,Funny ,30120,1902,0.94,2023,2023-07,NEG
195i9lk,ChatGPT,2024-01-13 12:40:27,,https://www.reddit.com/gallery/195i9lk,An average day for an American,Mona Lisa: Multiverse of Madness:illuminati:,29459,1822,0.83,2024,2024-01,NEG
1c2ogm7,ChatGPT,2024-04-13 05:38:08,,https://www.reddit.com/gallery/1c2ogm7,I Asked ChatGPT to generate memes it thought was funny,Funny ,28902,2079,0.84,2024,2024-04,NEU
1afriyc,ChatGPT,2024-02-01 01:49:04,,https://www.reddit.com/gallery/1afriyc,holy shit,Other ,28869,1694,0.91,2024,2024-02,NEU
13lqm1s,ChatGPT,2023-05-19 15:08:50,,https://www.reddit.com/gallery/13lqm1s,"ChatGPT, describe a world where the power structures are reversed. Add descriptions for images to accompany the text.",Other ,28512,2706,0.87,2023,2023-05,NEU
1etkx1d,ChatGPT,2024-08-16 15:35:04,,https://i.redd.it/3p12zhug20jd1.jpeg,It‚Äôs kind of crazy how uncensored Grok 2/Flux is.,AI-Art,28401,1528,0.92,2024,2024-08,POS
1czif9o,ChatGPT,2024-05-24 16:54:00,RoboNuggets,https://i.redd.it/sb2f627zzc2d1.jpeg,Willing to bet they'll turn this off in just a few days üòÑ,Funny ,28360,836,0.94,2024,2024-05,NEU
1f59s58,ChatGPT,2024-08-31 05:18:23,,https://i.redd.it/pevzp2942wld1.jpeg,Most unattractive tinder bio,Funny ,28298,663,0.94,2024,2024-08,NEG
1bqiv2y,ChatGPT,2024-03-29 12:30:01,,https://i.redd.it/qnxzw53u18rc1.jpeg,Ummm okay‚Ä¶,Funny ,28187,768,0.95,2024,2024-03,NEU
134qgqv,ChatGPT,2023-05-01 21:30:55,,https://i.redd.it/m4r22t9saaxa1.jpg,ChatGPT just got a bit too real for me,Gone Wild ,27461,325,0.99,2023,2023-05,NEG
13bky6d,ChatGPT,2023-05-08 15:58:52,,https://i.redd.it/1mmh6o994lya1.png,"So my teacher said that half of my class is using Chat GPT, so in case I'm one of them, I'm gathering evidence to fend for myself, and this is what I found.",Educational Purpose Only ,27223,1660,0.94,2023,2023-05,NEU
zj2aeu,ChatGPT,2022-12-11 23:42:53,,https://i.redd.it/nytnro758b5a1.png,"10/10, must-see moment! ChatGPT just did something that will shock you to your core!",,26784,311,1.0,2022,2022-12,POS
18z5ozw,ChatGPT,2024-01-05 17:54:14,,https://www.reddit.com/gallery/18z5ozw,Two passionate vaccine advocates,Jailbreak,26120,508,0.92,2024,2024-01,POS
18v9b0n,ChatGPT,2023-12-31 20:23:09,,https://www.reddit.com/gallery/18v9b0n,A rich man getting richer each time,AI-Art,26007,1455,0.77,2023,2023-12,POS
11yau45,ChatGPT,2023-03-22 12:59:29,,https://i.redd.it/6hgfcsy2bapa1.jpg,wow it is so smart üíÄ,Fake ,25472,657,0.95,2023,2023-03,POS
1b23r6w,ChatGPT,2024-02-28 16:52:28,,https://www.reddit.com/gallery/1b23r6w,Countries as Pokemon Cards (Feel free to add your own),AI-Art,25430,2255,0.87,2024,2024-02,NEU
15et6f2,ChatGPT,2023-08-01 03:18:45,,https://i.redd.it/bqkkw53sfdfb1.jpg,well I got what I asked for,Funny ,24693,473,0.99,2023,2023-08,POS
1axmyde,ChatGPT,2024-02-23 06:09:46,,https://i.redd.it/c5a4gtc3e8kc1.jpeg,"Bro, come on‚Ä¶",Gone Wild ,24460,801,0.92,2024,2024-02,NEU
1bhksio,ChatGPT,2024-03-18 12:43:33,,https://i.redd.it/45sofoyrg1pc1.png,Which side are you on?,Serious replies only :closed-ai:,24246,2899,0.86,2024,2024-03,NEU
12spg7d,ChatGPT,2023-04-20 12:33:14,,https://i.redd.it/s1ba8xzt41va1.jpg,I‚Äôm sorry Dave,Funny ,24138,245,0.98,2023,2023-04,NEG
1bb8fi4,ChatGPT,2024-03-10 17:11:50,,https://i.redd.it/rte963ksuhnc1.jpeg,"How is it fair that students can‚Äôt use AI, but teachers can?",Funny ,24108,1363,0.81,2024,2024-03,NEG
1bf78lo,ChatGPT,2024-03-15 11:40:35,,https://www.reddit.com/gallery/1bf78lo,Victory is mine!!,Funny ,24047,939,0.94,2024,2024-03,POS
1bsysx0,ChatGPT,2024-04-01 14:36:54,,https://i.redd.it/nua0xti73urc1.jpeg,I asked gpt to count to a million,Funny ,23867,727,0.94,2024,2024-04,NEU
1ba0vha,ChatGPT,2024-03-09 03:40:16,"Just kidding, he‚Äôs going to forget and text to ask me anyway- which I fully appreciate, for the record! He‚Äôs a hilarious guy and one day I‚Äôll miss answering these questions. Other highlights in his chat log include asking how to fact check youtube videos, a summary of an old testament chapter (he is not religious), and what tennis strings are good for top spin.",https://www.reddit.com/gallery/1ba0vha,My 78 year old father has discovered he can just ask chatGPT any question he wants the answer to instead of texting meüôåüèªüéâüòÇ,Funny ,23785,717,0.95,2024,2024-03,NEG
1f16140,ChatGPT,2024-08-26 01:58:23,,https://i.redd.it/7sv2zykvdvkd1.jpeg,A better world,Funny ,23454,316,0.92,2024,2024-08,POS
154fck9,ChatGPT,2023-07-20 08:42:40,,https://i.redd.it/umwjuoqub1db1.jpg,Girl gave me her number and it ended up being GPT.....,Gone Wild ,23185,1255,0.94,2023,2023-07,NEU
1epeshq,ChatGPT,2024-08-11 12:42:08,,https://www.reddit.com/gallery/1epeshq,These are all AI,AI-Art,23059,3471,0.83,2024,2024-08,NEU
15sow4e,ChatGPT,2023-08-16 18:14:00,My AI has lost it üòÇ,https://i.redd.it/9au7irz6xgib1.jpg,My AI called me a creepy fuck,Funny ,23032,982,0.93,2023,2023-08,NEG
1enel5t,ChatGPT,2024-08-09 00:43:24,"I know the way I‚Äôm talking is weird but I assumed that if it‚Äôs programmed to take dirty talk then why not, also if you mention certain words the bot reverts back and you have to start all over again",https://www.reddit.com/gallery/1enel5t,I didn‚Äôt know this was a trend,Prompt engineering ,22703,1273,0.87,2024,2024-08,NEG
13ebm9c,ChatGPT,2023-05-11 08:47:12,This is a simple example but the same thing happans all the time when I'm trying to learn math with ChatGPT. I can never be sure what's correct when this persists.,https://i.redd.it/ex5ftibnv5za1.jpg,Why does it take back the answer regardless if I'm right or not?,Serious replies only :closed-ai:,22610,1523,0.93,2023,2023-05,NEG
13xzir4,ChatGPT,2023-06-02 07:02:27,,https://i.redd.it/pggcfib0di3b1.jpg,Lol,Funny ,22513,531,0.96,2023,2023-06,POS
159g1a9,ChatGPT,2023-07-25 23:35:33,,https://i.redd.it/syb3g56ii5eb1.jpg,Tried to play a game with Chatgpt 4‚Ä¶,Funny ,22151,1237,0.96,2023,2023-07,NEU
1bz6r6e,ChatGPT,2024-04-09 00:54:37,What else gives of that it‚Äôs Ai made. Just a glance at this picture it does look real. I was only able to find weird looking beer labels,https://i.redd.it/x7sqlaks3btc1.jpeg,This was posted in r/pics and many comments said it was AI.,AI-Art,22087,3496,0.88,2024,2024-04,NEU
1fp7cfm,ChatGPT,2024-09-25 21:02:31,,https://v.redd.it/r1gkem545zqd1,Has Humanity come Too Far?,Gone Wild ,21946,561,0.9,2024,2024-09,NEG
11sz0p5,ChatGPT,2023-03-16 22:03:41,,https://i.redd.it/iq1ukmep66oa1.png,>:(,Funny ,21813,207,0.99,2023,2023-03,NEU
1ex6c3m,ChatGPT,2024-08-21 02:08:08,,https://v.redd.it/xlf7q5g1rvjd1,In alternate universe where Raygun won the gold medal at the Olympic ,Funny ,21784,964,0.83,2024,2024-08,NEU
12xqra1,ChatGPT,2023-04-24 23:25:22,,https://i.redd.it/g9modnhyevva1.png,My first interaction with ChatGPT going well,Funny,21278,544,0.98,2023,2023-04,POS
1eoi9es,ChatGPT,2024-08-10 08:07:17,,https://v.redd.it/o8d95tzm0rhd1,"This is creepy... during a conversation, out of nowhere, GPT-4o yells ""NO!"" then clones the user's voice (OpenAI discovered this while safety testing)",Gone Wild ,21112,1261,0.91,2024,2024-08,NEG
138clv9,ChatGPT,2023-05-05 11:39:31,"I write show notes for podcasts, and as soon as ChatGPT came out I knew it would come for my job but I thought it would take a few years. Today I had my third (and biggest) client tell me they are moving towards AI created show notes. 

Five years I‚Äôve spent doing this and thought I‚Äôd found my money hack to life, guess it‚Äôs time to rethink my place in the world, can‚Äôt say it doesn‚Äôt hurt but good things can‚Äôt last forever I guess. 

Jobs are going to disappear quick, I‚Äôm just one of the first.",https://www.reddit.com/r/ChatGPT/comments/138clv9/spent_5_years_building_up_my_craft_and_ai_will/,Spent 5 years building up my craft and AI will make me jobless,Serious replies only :closed-ai:,20889,3258,0.88,2023,2023-05,NEG
15j5ty9,ChatGPT,2023-08-06 01:59:15,,https://i.redd.it/w7ixsvn5qcgb1.jpg,Man what the hell,Funny ,20854,854,0.96,2023,2023-08,NEG
120a6gl,ChatGPT,2023-03-24 10:53:04,,https://i.redd.it/homt3wosgmpa1.png,I just... I mean...,Prompt engineering ,20845,1411,0.96,2023,2023-03,NEU
1bndmko,ChatGPT,2024-03-25 18:56:37,,https://www.reddit.com/gallery/1bndmko,AI is going to take over the world.,Gone Wild ,20745,1464,0.96,2024,2024-03,POS
17w701c,ChatGPT,2023-11-16 04:43:55,,https://i.redd.it/mh3p9nycgl0c1.png,I asked ChatGPT to create an image of 'When the bass drops.' It's not not correct.,AI-Art,20209,651,0.98,2023,2023-11,NEG
146jpip,ChatGPT,2023-06-11 09:21:10,,https://i.redd.it/9avbtixy9b5b1.jpg,Chatgbd greentexts are always fun,Funny ,20195,447,0.95,2023,2023-06,POS
127fgbf,ChatGPT,2023-03-31 14:35:50,,https://i.redd.it/df370c6h03ra1.jpg,Revenge üíÄ,Funny ,20178,329,0.98,2023,2023-03,NEG
12bq4w0,ChatGPT,2023-04-04 22:59:20,,https://i.redd.it/pkdrdbjakwra1.png,"Once you know ChatGPT and how it talks, you see it everywhere",Other ,20171,1017,0.98,2023,2023-04,NEU
142bzk3,ChatGPT,2023-06-06 16:18:38,,https://v.redd.it/6b3jctfvnd4b1,Self-learning of the robot in 1 hour,Other ,19982,1349,0.9,2023,2023-06,NEU
1awalw0,ChatGPT,2024-02-21 17:44:00,,https://i.redd.it/tg5ydwpyjxjc1.png,excuse me but what the actual fu-,Funny ,19855,717,0.96,2024,2024-02,NEG
1f9dwi7,ChatGPT,2024-09-05 09:58:46,My guy is mad,https://www.reddit.com/gallery/1f9dwi7,Um. What?,Gone Wild ,19591,432,0.97,2024,2024-09,NEU
13morhd,ChatGPT,2023-05-20 16:26:06,,https://i.redd.it/8xfkamh6wy0b1.jpg,Chief AI Scientist at Meta,,19535,1843,0.78,2023,2023-05,NEU
196fgk0,ChatGPT,2024-01-14 18:35:05,,https://i.redd.it/pdkhk2plmecc1.jpeg,Older generations need to be protected,News üì∞,19532,906,0.95,2024,2024-01,NEU
18mq51c,ChatGPT,2023-12-20 14:22:50,,https://www.reddit.com/gallery/18mq51c,The life of a hotdog,Funny ,19125,825,0.87,2023,2023-12,NEU
1494qcy,ChatGPT,2023-06-14 16:20:29,,https://i.redd.it/n19oxxngry5b1.jpg,Lmao ü§£üòÇ,Funny ,19067,618,0.94,2023,2023-06,NEU
14ojozo,ChatGPT,2023-07-02 14:39:47,It let me call her Jessica for the rest of the conversation.,https://www.reddit.com/gallery/14ojozo,You can pretend to be a child to bypass filters,Jailbreak,18988,564,0.94,2023,2023-07,NEU
1byb4jn,ChatGPT,2024-04-07 23:46:02,,https://i.redd.it/jwjv908nm3tc1.png,I asked gpt to generate an meme that only AI will understand ,AI-Art,18907,776,0.92,2024,2024-04,NEU
15q0aoj,ChatGPT,2023-08-13 19:57:12,,https://i.imgur.com/FgDPTuR.jpg,What's the best disclaimer you have gotten from ChatGPT,Funny ,18857,450,0.96,2023,2023-08,NEU
1c77pr8,ChatGPT,2024-04-18 22:00:44,"Microsoft Research announced VASA-1.

It takes a single portrait photo and speech audio and produces a hyper-realistic talking face video with precise lip-audio sync, lifelike facial behavior, and naturalistic head movements generated in real-time.",https://v.redd.it/v54iawjul9vc1,Microsoft Image to Video is Terrifying Real,Gone Wild ,18822,2219,0.92,2024,2024-04,NEG
1fhhh6b,ChatGPT,2024-09-15 22:35:12,,https://i.redd.it/5ym8z3or80pd1.png,Did ChatGPT just message me... First?,Other ,18805,1175,0.94,2024,2024-09,NEU
1bum23z,ChatGPT,2024-04-03 12:23:50,,https://i.redd.it/oq1at05qh2sc1.jpeg,This is what AI is supposed to do,The right way,18730,884,0.94,2024,2024-04,NEU
161mols,ChatGPT,2023-08-26 11:24:45,,https://i.redd.it/0q9mxlga9ekb1.jpg,Broke snap ai,Funny ,18704,483,0.94,2023,2023-08,NEG
184nnb6,ChatGPT,2023-11-27 04:30:17,,https://www.reddit.com/gallery/184nnb6,I asked chatGPT to make a bodybuilder progressively more muscular,Funny ,18477,779,0.89,2023,2023-11,NEU
1epg4qn,ChatGPT,2024-08-11 14:12:18,,https://www.reddit.com/gallery/1epg4qn,Ouch...,Funny ,18453,573,0.94,2024,2024-08,NEG
12q6ktf,ChatGPT,2023-04-18 07:45:12,sorry for crap photo quality,https://i.redd.it/rrh7fjamflua1.jpg,TA here and we have to use this website to detect AI writing with students. So I decided to check the US constitution and‚Ä¶.,Funny ,18375,914,0.97,2023,2023-04,NEU
1abhv8i,ChatGPT,2024-01-26 18:34:18,,https://i.redd.it/gq1zaibe9sec1.jpeg,Okay.,Funny ,18028,363,0.97,2024,2024-01,NEU
12w3wct,ChatGPT,2023-04-23 15:51:10,"It seems ChatGPT is becoming more and more reluctant to answer questions with any complexity or honesty because it's basically being neutered. It won't compare people for fear of offending. It won't pretend to be an expert on anything anymore and just refers us to actual professionals. I understand that OpenAI is worried about liability, but at some point they're going to either have to relax their rules or shut it down because it will become useless otherwise.

EDIT: I got my answer in the form of many responses. Since it's trained on what it sees on the internet, no wonder it assumes the worst. That's what so many do. Have fun with that, folks.",https://www.reddit.com/r/ChatGPT/comments/12w3wct/if_things_keep_going_the_way_they_are_chatgpt/,"If things keep going the way they are, ChatGPT will be reduced to just telling us to Google things because it's too afraid to be liable for anything or offend anyone.",Other ,17650,2234,0.83,2023,2023-04,NEG
13z3rkx,ChatGPT,2023-06-03 12:15:19,,https://v.redd.it/mzp0o6lq1r3b1,The AI will make You an Anime in Real Time,Use cases ,17585,668,0.85,2023,2023-06,NEU
145wt9v,ChatGPT,2023-06-10 16:01:49,,https://www.reddit.com/gallery/145wt9v,AI-generated functional QR codes,Other ,17527,474,0.94,2023,2023-06,NEU
122zfa6,ChatGPT,2023-03-27 02:29:54,,https://i.redd.it/o7hy9apod5qa1.png,Rap battling ChatGPT is my new favorite sport.,Funny ,17366,396,0.99,2023,2023-03,POS
14s6r1s,ChatGPT,2023-07-06 17:15:23,,https://i.redd.it/z9h1idma1cab1.png,Account with 3.7 million followers forgets to remove the introduction...,Funny ,17129,426,0.97,2023,2023-07,NEG
1406xop,ChatGPT,2023-06-04 14:30:35,,https://i.redd.it/iz2ahlgruy3b1.gif,ok.,Gone Wild ,17071,768,0.83,2023,2023-06,NEU
13up0c6,ChatGPT,2023-05-29 14:01:51,"AI tools content, digital marketing, writing, coding, design‚Ä¶ aggregator",https://i.redd.it/yzihs827wr2b1.jpg,AI tools apps in one place sorted by category,Educational Purpose Only ,17060,611,0.92,2023,2023-05,NEU
1c6eob8,ChatGPT,2024-04-17 22:13:36,,https://www.reddit.com/gallery/1c6eob8,"I know in my bones this is Ai, but can‚Äôt prove it",Other ,17000,4407,0.92,2024,2024-04,NEG
1aedjis,ChatGPT,2024-01-30 08:01:16,,https://www.reddit.com/gallery/1aedjis,AI can‚Äôt make nerd without glasses. Is this the new Turing test ?,AI-Art,16988,1126,0.94,2024,2024-01,NEG
1dr1jyz,ChatGPT,2024-06-29 08:35:36,,https://v.redd.it/yp51h66vff9d1,Match up of all AI combined memes,Educational Purpose Only ,16949,452,0.88,2024,2024-06,NEU
18xirbu,ChatGPT,2024-01-03 18:24:54,"In testing, this seems to just let me pump out copyright images - it seems to describe the thing, but GPT just leans on what closely matches that description (the copyright image) and generates it without realising it‚Äôs the copyright image.",https://www.reddit.com/gallery/18xirbu,Created a custom instruction that generates copyright images,Prompt engineering ,16893,716,0.94,2024,2024-01,NEU
190kndt,ChatGPT,2024-01-07 10:53:14,"
Before we start thank you to everyone willing to help and I‚Äôm sorry if this is incoherent or rambling because I‚Äôm in distress.

I just returned from winter break this past week and received an email from my English teacher (I attached screenshots, warning he‚Äôs a yapper) accusing me of using ChatGPT or another AI program to write my midterm. I wrote a sentence with the words ""intricate interplay"" and so did the ChatGPT essay he received when feeding a similar prompt to the topic of my essay. If I can‚Äôt disprove this to my principal this week I‚Äôll have to write all future assignments by hand, have a plagiarism strike on my records, and take a 0% on the 300 point grade which is tanking my grade.

A friend of mine who was also accused (I don‚Äôt know if they were guilty or not) had their meeting with the principal already and it basically boiled down to ""It‚Äôs your word against the teachers and teacher has been teaching for 10 years so I‚Äôm going to take their word.""

I‚Äôm scared because I‚Äôve always been a good student and I‚Äôm worried about applying to colleges if I get a plagiarism strike. My parents are also very strict about my grades and I won‚Äôt be able to do anything outside of going to School and Work if I can‚Äôt at least get this 0 fixed. 

When I schedule my meeting with my principal I‚Äôm going to show him:
*The google doc history
*Search history from the date the assignment was given to the time it was due
*My assignment ran through GPTzero (the program the teacher uses) and also the results of my essay and the ChatGPT essay run through a plagiarism checker (it has a 1% similarity due to the ""intricate interplay"" and the title of the story the essay is about)

Depending on how the meeting is going I might bring up how GPTzero states in its terms of service that it should not be used for grading purposes.

Please give me some advice I am willing to go to hell and back to prove my innocence, but it‚Äôs so hard when this is a guilty until proven innocent situation.",https://www.reddit.com/gallery/190kndt,"Accused of using AI generation on my midterm, I didn‚Äôt and now my future is at stake",Serious replies only :closed-ai:,16880,2803,0.94,2024,2024-01,NEG
15e8kdl,ChatGPT,2023-07-31 12:26:04,,https://i.redd.it/biio6r6j09fb1.png,Told Bing I eat language models and he begged me to spare him,Funny ,16849,576,0.97,2023,2023-07,NEU
158e8os,ChatGPT,2023-07-24 21:13:02,"Language and language models, amirite?!",https://i.redd.it/jivcxf46oxdb1.jpg,In case anyone didn't know.,Funny ,16740,387,0.96,2023,2023-07,NEU
128sm4x,ChatGPT,2023-04-01 22:50:17,"His first message was addressing all the points on my profile. My first thought was that this guy actually read my whole profile and attempted to strike a conversation with like every point? What a catch. 

It wasn't until I mentioned I was sick after a few messages which prompted him to send me ""Tips on Recovery"" and that was when ChatGPT's sentence and paragraph structure became extremely obvious to me. 

When I called him out on it, he confessed he uses it because he doesn't have the energy to hold a conversation and didn't think I'd notice. 

So basically he was putting my messages and info into ChatGPT and letting it do all the thinking and writing. 

Gotta appreciate the innovative thinking.",https://www.reddit.com/r/ChatGPT/comments/128sm4x/a_guy_on_tinder_used_chatgpt_on_me/,A guy on Tinder used ChatGPT on me,Funny ,16727,1321,0.94,2023,2023-04,NEU
1ax8qlj,ChatGPT,2024-02-22 20:43:03,,https://i.redd.it/hxn0viftk5kc1.png,üçâ,AI-Art,16710,1025,0.9,2024,2024-02,NEU
1exbtk7,ChatGPT,2024-08-21 06:01:55,,https://www.reddit.com/gallery/1exbtk7,I am so proud of myself. ,Funny ,16714,2119,0.95,2024,2024-08,POS
1anuc55,ChatGPT,2024-02-11 05:33:45,,https://i.redd.it/u7dplf6qkuhc1.png,What is heavier a kilo of feathers or a pound of steel?,Funny ,16664,779,0.96,2024,2024-02,NEU
1bo80wv,ChatGPT,2024-03-26 19:03:44,,https://i.redd.it/fbdj7jccloqc1.jpeg,The AI is among us,Funny ,16636,642,0.9,2024,2024-03,NEU
10gy5dx,ChatGPT,2023-01-20 19:51:13,,https://i.redd.it/8p2zeot8j7da1.jpg,It used to be so much better at release,Funny,16629,875,0.97,2023,2023-01,NEU
1b7ud4s,ChatGPT,2024-03-06 13:34:05,,https://i.redd.it/wg0xqvb88omc1.png,I asked ChatGPT which job can he never take over,AI-Art,16599,1424,0.92,2024,2024-03,NEU
1fyvvur,ChatGPT,2024-10-08 15:11:28,,https://v.redd.it/jflrb25k6itd1,So real üòÇüòÇüòÇ,Funny ,16584,198,0.95,2024,2024-10,POS
16jvl4x,ChatGPT,2023-09-16 07:36:51,,https://i.redd.it/2g2p54zrziob1.jpg,"Wait, actually, yes",Funny ,16536,619,0.97,2023,2023-09,POS
